firstName,lastName,age,jobTitle,email,address
Cletus,Hickle,74,Webmaster,jaqueline.gottlieb@okon.com,"883 Titus Summit South Jerrellton, TN 18020-6478"
Gladys,Koss,31,"Materials Engineer",orville.funk@yahoo.com,"1893 Ladarius Cape Suite 212 North Jaylenview, VT 75056-0489"
Madge,Skiles,46,"History Teacher",dannie.reichert@hotmail.com,"19525 Klein Ford Apt. 950 Elsiemouth, DE 84722"
Evangeline,Kunze,39,"Automotive Specialty Technician",leonard.dooley@hermann.com,"76035 Stiedemann Camp Ramiroside, ND 88990"
Lorine,McLaughlin,47,"Chemical Technician",ncormier@yahoo.com,"84415 Mueller Wall West Keyshawnfort, ME 68146"
Granville,Rohan,38,Assembler,ufeeney@klein.biz,"6162 Janice Mission Powlowskimouth, WV 57874-4710"
Paxton,Gislason,50,Orthodontist,howell.faye@cummings.com,"259 Johnathon Mountains South Magnusborough, MD 48790"
Aaron,Schuppe,69,"Personal Financial Advisor",ofahey@gmail.com,"4136 Hassan Street East Lambertland, TX 13143"
Larue,Kertzmann,51,"Hand Sewer",dibbert.myrl@hotmail.com,"86477 Ricky Springs Port Marcelobury, KY 58676"
Mauricio,White,22,"Stationary Engineer OR Boiler Operator",rachelle.kirlin@rippin.com,"1011 Bins Ways Bradtkeland, IN 02579"
Chadrick,Rolfson,31,"Steel Worker",pmertz@yahoo.com,"763 Rogahn Rapid Lake Corbinstad, MA 09867-1147"
Carlee,Flatley,27,"Gas Appliance Repairer",tpacocha@schaefer.com,"543 Jakayla Shores Apt. 666 Madilynshire, SC 93101-6762"
Lauriane,Runte,53,"Soil Conservationist",saige.bednar@yahoo.com,"78846 Langosh Mews Suite 640 Ferminport, NH 33767-6974"
Edwina,Bayer,20,"Medical Records Technician",justice.schmidt@dickinson.com,"3836 Stanton Wells Osinskishire, ND 02573-2723"
Lucie,Schumm,71,"Project Manager",anderson.curt@yahoo.com,"1671 Cesar Flats Apt. 060 Spencerfurt, WA 55651-3363"
Amiya,White,60,"Embossing Machine Operator",ova.franecki@gmail.com,"45146 Izaiah Harbor Port Dayne, MN 98491"
Shawn,Kulas,43,Nutritionist,vbraun@yahoo.com,"627 Celestine Vista Apt. 134 East Kameron, HI 54722-3412"
Richmond,Huels,31,"File Clerk",piper.lehner@paucek.com,"47072 Rutherford Lodge Suite 663 Schulisthaven, SD 73148"
Anastacio,Blick,32,CSI,benedict95@yahoo.com,"60066 Gislason Loaf Lauraville, DE 56131"
Finn,Leannon,67,"Real Estate Appraiser",cristina.altenwerth@hotmail.com,"26743 Lowe Drives East Otiliashire, HI 16915-1383"
Hardy,McLaughlin,70,"Glass Cutting Machine Operator",zander77@cormier.com,"33166 Cruickshank Walk Romaguerashire, AL 52031-5422"
Dale,Waters,22,"Postal Service Mail Carrier",kuhn.cloyd@willms.com,"401 Adaline Extension Suite 762 Garryfurt, MN 18951"
Dahlia,Schneider,49,"Pewter Caster",nnolan@hotmail.com,"21550 Erich Walks Apt. 117 North Kory, CT 39246"
Selina,Ritchie,45,Dispatcher,timothy.waelchi@goodwin.com,"14233 Autumn Streets Apt. 383 Lake Wandafurt, SD 24718"
Margaret,Lowe,22,"Surveying and Mapping Technician",ekerluke@gmail.com,"2375 Abraham Prairie Lake Hassanmouth, WV 32283"
Eleanora,Maggio,51,"Software Engineer",lenora47@mcglynn.net,"6406 Lehner Roads Lake Mortimerstad, ME 83862"
Amira,Huels,35,"Skin Care Specialist",uheaney@gmail.com,"7737 Marquardt Circles West Ellentown, ME 67086"
Camilla,Pacocha,35,"Prepress Technician",cary57@jast.com,"686 Nolan Isle Mantestad, OK 91247-4465"
Emerald,Ward,52,"Prepress Technician",sim.purdy@roob.com,"1098 Senger Parks Apt. 552 North Thora, TX 66478-6187"
Joshuah,Lakin,58,"Mining Machine Operator",pfeffer.gerald@yahoo.com,"7014 O'Conner Club Kingborough, OH 81629"
Treva,Greenfelder,32,"School Bus Driver",rowan14@bailey.com,"340 Hagenes Fall Suite 028 East Adrienburgh, NV 52593-6381"
Lexie,Labadie,23,"Athletes and Sports Competitor",willard46@gmail.com,"29018 Gudrun Lights Brownborough, ID 62890"
Kiarra,Feil,64,"Welfare Eligibility Clerk",elyse98@oconnell.info,"85709 Patsy Flats Suite 036 East Rickyfurt, IA 15589-5780"
Millie,Ward,28,"Coating Machine Operator",howell.robel@yahoo.com,"4330 Auer Flat Suite 006 South Princeton, MI 75304-4835"
Jordy,White,26,"Transportation Inspector",asia19@aufderhar.biz,"927 Candida Parkways Suite 028 West Merlemouth, MI 92478-2487"
Price,Schoen,35,Biologist,koelpin.frederick@mclaughlin.com,"26248 Bernard Springs Keshawnburgh, NJ 23616-4326"
Dulce,Vandervort,44,"Rehabilitation Counselor",hershel55@fay.com,"78968 Upton Plaza Apt. 926 Naomimouth, MA 00006-0740"
Reid,Hill,74,"Sawing Machine Setter",rmills@hermiston.info,"61409 Streich Course Sporerberg, NE 12133"
Ashlynn,Schuppe,74,Economist,zgrimes@yahoo.com,"2287 Wintheiser Prairie Lake Douglas, MN 24482"
Alison,Towne,18,"Woodworking Machine Setter",johnston.savion@yahoo.com,"8210 Isac Fort Uptonfort, DE 79757-1472"
Shaylee,Zemlak,60,"Engineering Technician",anissa.bashirian@bruen.com,"6982 Janet Neck South Kevonmouth, MT 00622"
Santiago,Watsica,50,"Information Systems Manager",yrosenbaum@buckridge.biz,"592 Wolff Mountain Apt. 781 Kaileeberg, MD 55661"
Stan,Lind,75,"Umpire and Referee",nwest@gmail.com,"126 Murray Spring Apt. 415 East Maymieton, GA 74081"
Kurtis,Ondricka,40,Pipelayer,greenfelder.marcella@jerde.com,"951 Ariel Shoal Suite 954 New Madalinemouth, MA 64381"
Yesenia,Lind,72,Postmasters,lueilwitz.margarette@yahoo.com,"911 Hilma Parkways Suite 236 North Wanda, MI 04143-9740"
Adrianna,Kutch,61,"Chemical Plant Operator",angelita.roberts@hotmail.com,"60237 Leannon Island Dachberg, NM 22838-5528"
Ron,Price,71,"Chemical Equipment Tender",egreenholt@hotmail.com,"766 Amani Fords Wittingchester, SD 74816"
Jany,Rowe,58,"Occupational Therapist Aide",harmon.witting@hotmail.com,"167 Dusty Rue East Leximouth, MI 30380-7653"
Muhammad,Robel,65,Assessor,salvador.kris@boyer.com,"627 Quigley Alley Apt. 429 Rolfsonland, AK 08603-7077"
Terence,Legros,28,"Biomedical Engineer",walker.madeline@heathcote.com,"669 Watsica Route Suite 688 Port Eliane, TN 10342"
Aryanna,Borer,27,"Homeland Security",russel.gail@fisher.info,"42674 Trent Green Suite 393 Robertsbury, IA 39367"
Abbey,King,55,"Photographic Reproduction Technician",bethel59@bernier.com,"88074 Deon Fields Suite 998 Mayertfort, WI 70763"
Dorian,Herman,58,"Eligibility Interviewer",ashlynn60@gmail.com,"53388 Stamm Springs South Jerod, LA 01933-5043"
Reese,Turner,50,"Construction Carpenter",jayme64@yahoo.com,"6890 Estel Locks Lake Dorianhaven, NE 82767"
Mariano,Yundt,66,Archivist,runolfsson.antonia@gottlieb.com,"633 Gerlach Corner North Tamaramouth, RI 88637-2967"
Titus,Yost,56,"Photographic Restorer",hassan.heaney@wisozk.com,"16999 Alysha Street South Camden, WA 64375-5868"
Ellie,Von,46,"Museum Conservator",wyatt.powlowski@gmail.com,"53421 Emmerich Centers Suite 750 East Nakiaton, NM 48682"
Abdiel,VonRueden,27,"Wind Instrument Repairer",rlarson@gmail.com,"781 Hermann Port Feilview, MD 66915-0516"
Augustine,Steuber,43,"Clinical School Psychologist",clementine44@yahoo.com,"4723 Christelle Harbor Apt. 431 Marvinshire, OR 96142"
Hermann,Koelpin,61,"Underground Mining",cristian.cartwright@krajcik.com,"354 Daugherty Common Friedahaven, DE 56351-3375"
Kamron,Mraz,62,"Anthropology Teacher",tromp.westley@farrell.com,"3573 Amie Forge Apt. 581 Sawaynberg, AZ 60371-9559"
Michele,Maggio,52,"Home Appliance Repairer",rhickle@hotmail.com,"51869 Francesco Dam Buckridgefurt, WA 46652"
Eloy,Cronin,21,"Offset Lithographic Press Operator",efren.ratke@hotmail.com,"9595 Thomas Causeway Suite 435 Rosieport, DE 62163"
Owen,Dickinson,47,"Fire-Prevention Engineer",eulah.armstrong@hotmail.com,"200 McDermott Viaduct Suite 416 East Rosetta, ND 96425-5666"
Helena,Waelchi,36,"Machine Tool Operator",rose32@jenkins.net,"267 Turner Circle Apt. 288 McCulloughborough, KY 32790"
Meta,Pfeffer,57,Announcer,lila.hyatt@hotmail.com,"181 Mann Keys Suite 730 New Shaneltown, MT 61262-1129"
Lucie,Stroman,24,"Grinding Machine Operator",cjaskolski@hotmail.com,"1758 Rae Port Port Rubyemouth, FL 07413"
Abe,Windler,21,"Production Control Manager",gregory34@thompson.com,"107 Wunsch Stravenue Apt. 927 Johnsonville, NM 58848"
Presley,Waelchi,32,"Technical Specialist",bosco.clement@hotmail.com,"793 Heidenreich Lane South Robbie, IA 82713"
Lacy,Von,28,"Aircraft Structure Assemblers",ebony.stark@little.com,"6046 Antonia Stravenue Apt. 597 New Evaport, VT 50048"
Brett,Dickens,24,Construction,gusikowski.bessie@mckenzie.com,"5190 Frieda Corners Lexiborough, MN 34111"
Fannie,Kunze,66,Decorator,vivianne93@wyman.com,"4938 Ashly Radial Suite 701 Vaughnstad, LA 46161-6190"
Harrison,Kuhic,68,"Purchasing Manager",leonard.bahringer@gmail.com,"91212 Collins Course Tamaraborough, SD 07542-5523"
Retha,Auer,65,"Homeland Security",nettie19@altenwerth.com,"895 Luettgen Mall Suite 062 North Gradyton, MO 04938-0850"
Mallory,Corwin,41,"Radio Operator",grant.seth@gutkowski.com,"850 Blanca Ranch Apt. 447 Bodechester, NC 03460-3919"
Misty,McKenzie,40,"Oil Service Unit Operator",toby.kulas@schmeler.com,"20966 Everardo Ports Suite 802 South Cleomouth, IA 61287-7591"
Jake,Schaefer,20,"Production Manager",lorine89@bashirian.com,"51177 Rigoberto Overpass Apt. 985 South Ezrafort, OH 54587"
Robb,Legros,29,"Home Entertainment Equipment Installer",carey.steuber@mills.com,"94043 Jayson Neck Lake Oswald, NY 71098-2135"
Juana,Moen,39,"Head Nurse",callie.wisozk@gmail.com,"43753 Stark Crossroad Apt. 015 Antoinettechester, OR 86846-0316"
Pietro,Schmeler,45,"Graphic Designer",wdickinson@hotmail.com,"23224 Ila Throughway Suite 113 South Carolyne, NY 14418"
Marianna,Blanda,30,"Scientific Photographer",dalton.mann@jenkins.info,"1012 Lottie Branch West Eduardo, KY 58937"
Declan,Bergnaum,21,Announcer,sfay@mcdermott.biz,"67977 Beahan Via New Jessie, NH 49164"
Marian,Maggio,31,"Architectural Drafter OR Civil Drafter",ykoelpin@nitzsche.net,"431 Erwin Field Suite 583 Pouroschester, KY 53109"
Juliana,Willms,30,"Hand Presser",mathias.blanda@gmail.com,"8761 Wolff Burgs Port Chet, MS 10846"
Jewell,Marquardt,55,"Creative Writer",kessler.dale@hotmail.com,"9014 Friedrich Summit South Octaviaport, WY 28842"
Lee,Leuschke,72,"Public Relations Manager",elda.kerluke@krajcik.net,"1665 Gust Forks Apt. 275 Sanfordchester, VT 63235"
Florida,Monahan,33,"Forest Fire Inspector",aylin.bergstrom@schaefer.com,"1033 Damion Forges Suite 160 New Valentine, RI 80057-8508"
Seth,Murazik,23,Opticians,wziemann@yahoo.com,"2997 Lesch Skyway Apt. 874 Port Asafort, WI 65480-1476"
Izaiah,Weissnat,62,"Extraction Worker",neha47@gibson.info,"74002 Jailyn Lodge Morarmouth, ID 08446"
Aron,Dach,24,"Business Manager",greenfelder.micah@kuhlman.net,"8936 Pearline Isle Mayerfurt, HI 49221-6622"
Amber,Crooks,63,"Logging Supervisor",kellie.witting@yahoo.com,"102 Aufderhar Course Apt. 323 Gaylordberg, AK 66908-1648"
Kameron,Runolfsdottir,33,"Printing Press Machine Operator",paxton.reilly@nader.net,"843 Dooley Squares Apt. 695 North Heidi, AK 25870"
Walter,Ernser,46,"Painting Machine Operator",reginald31@weissnat.org,"85229 Rodriguez Mill East Lavernberg, UT 90263"
Anna,Jerde,65,"Law Teacher",wiegand.violet@wiza.com,"5213 Beahan Road Lake Sylvanport, MT 44481-4286"
Elvis,Barrows,49,"Environmental Science Teacher",smitham.candice@lind.biz,"73677 Nicolas Point Shieldsview, MO 59404"
Ryleigh,Luettgen,67,"Fitness Trainer",jayden17@langosh.info,"733 Colton Estate Greenfelderhaven, SD 65946-0288"
Brooke,Lueilwitz,35,Sailor,granville.lockman@hotmail.com,"1957 Vincenzo Fords Suite 484 Gwenhaven, ID 17398"
Hilda,Herman,75,"Installation and Repair Technician",al96@yahoo.com,"1869 Towne Dale South Martinebury, SD 62162-8931"
Jerad,Nader,54,"Earth Driller",yprohaska@mayer.com,"95222 Zackery Junctions West Justine, TN 49361-6257"
Randall,Harris,65,"Interpreter OR Translator",amir33@hotmail.com,"271 Fisher Via Lake Anaisshire, MN 91468-9064"
